filename,width,height,class,xmin,ymin,xmax,ymax
mountain_029_jpg.rf.4093b29b02f0206895eddd44f7649463.jpg,256,256,Mountain,0,0,256,256
mountain_119_jpg.rf.44f807bba7c9cca88a31a09c6ff4825d.jpg,256,256,Mountain,0,0,256,256
mountain_026_jpg.rf.307858f4d1434a885342423b3c52ddc5.jpg,256,256,Mountain,0,0,256,256
mountain_027_jpg.rf.956ba4b9e4b8f54fe0f5f7a9f08188d3.jpg,256,256,Mountain,0,0,256,254
mountain_166_jpg.rf.1181d8d8f4ea29f310ee2fe71787cb23.jpg,256,256,Mountain,0,0,256,256
mountain_044_jpg.rf.9784672fdaa1cf0c3924febee35015b7.jpg,256,256,Mountain,0,0,256,256
mountain_003_jpg.rf.a9a31b93c9977f83b66d968146d4f159.jpg,256,256,Mountain,0,0,256,256
mountain_196_jpg.rf.aafdfe2d1646d0cdb59aa1b2372aab57.jpg,256,256,Mountain,0,0,256,256
mountain_018_jpg.rf.7722065f44d67623ffd936e132fe458b.jpg,256,256,Mountain,0,0,256,256
mountain_023_jpg.rf.719b7f87814cb5849a95418b110f2818.jpg,256,256,Mountain,0,0,256,256
mountain_008_jpg.rf.a8140ccf100683c308eecf79d5bef878.jpg,256,256,Mountain,0,0,256,256
mountain_106_jpg.rf.76ee7a711bcf33f70d8f08db01c53e92.jpg,256,256,Mountain,0,0,256,256
mountain_012_jpg.rf.6dfd0c8fbc37e246334023a1a3f0a4e0.jpg,256,256,Mountain,0,0,256,256
mountain_195_jpg.rf.1f816299c112bf382d1f62a284c6d037.jpg,256,256,Mountain,0,0,256,255
mountain_033_jpg.rf.2f8f2f9054357fea2c2dee15463df4ba.jpg,256,256,Mountain,0,0,256,256
mountain_158_jpg.rf.e97074e0ce0694a9e7ada44a0a62746c.jpg,256,256,Mountain,0,0,256,256
mountain_129_jpg.rf.420331f572d3e6c3a55287f290c89e7f.jpg,256,256,Mountain,0,0,256,256
mountain_007_jpg.rf.ed9a156a3a1941454c6d8c9c4a14c900.jpg,256,256,Mountain,0,0,256,256
mountain_043_jpg.rf.328cb755c31fa2bd39fd5c9f4c38bf6c.jpg,256,256,Mountain,0,0,256,256
mountain_073_jpg.rf.4953dd9646bc4889b53b6c4788a09a9a.jpg,256,256,Mountain,0,0,256,256
mountain_163_jpg.rf.c5e1c85e558b7bd22e3c88ececa5e2b9.jpg,256,256,Mountain,0,0,256,256
mountain_087_jpg.rf.63f30e72d9ee851c1203d0a8af94490f.jpg,256,256,Mountain,0,0,256,256
mountain_125_jpg.rf.244284f22630432e27dab3d186a9984e.jpg,256,256,Mountain,0,0,256,256
mountain_025_jpg.rf.9132597751ff407b1cdde6ff33659388.jpg,256,256,Mountain,0,0,256,256
mountain_062_jpg.rf.0f51e88623d7e7b4233bd1e86157bed3.jpg,256,256,Mountain,0,0,256,256
mountain_113_jpg.rf.3966dc67b383b13a4e59fddb886b8040.jpg,256,256,Mountain,0,0,256,256
mountain_072_jpg.rf.51e435884aea8d8d96eea412df826568.jpg,256,256,Mountain,0,0,256,256
mountain_080_jpg.rf.89115a4841377844c9565d0b9abd7146.jpg,256,256,Mountain,0,0,256,256
mountain_032_jpg.rf.f24c3cbb0baf2809cad684eb4bbdab1c.jpg,256,256,Mountain,0,0,256,256
mountain_139_jpg.rf.d578ba62208ea957152b054317eb13cc.jpg,256,256,Mountain,0,0,256,256
mountain_048_jpg.rf.ee980f7db6bec0a952c4182762f897ff.jpg,256,256,Mountain,0,0,256,256
mountain_108_jpg.rf.ed3ce03465f2c17574ec650face3fa46.jpg,256,256,Mountain,0,0,256,256
mountain_016_jpg.rf.600e830ec56c085a7cc6bc4cd32fe5ca.jpg,256,256,Mountain,0,0,256,256
mountain_004_jpg.rf.c3b79b6d7f9eb97a30e40d5e3efc096d.jpg,256,256,Mountain,0,0,256,256
mountain_081_jpg.rf.bf348d346f6af4932af6042e36ebbb63.jpg,256,256,Mountain,0,0,256,256
mountain_172_jpg.rf.c2bea9e44dc2f2c1fa02125b1813cd35.jpg,256,256,Mountain,0,0,256,256
mountain_076_jpg.rf.a0191ebb63f48f23c9a0aeac05061c4a.jpg,256,256,Mountain,0,0,256,256
mountain_082_jpg.rf.c79b6bc2657ecb0dbb3787b623d87f0f.jpg,256,256,Mountain,0,0,256,256
mountain_190_jpg.rf.80ce578ef125aebe30f75a8a09e960d5.jpg,256,256,Mountain,0,0,256,256
mountain_177_jpg.rf.dcef7179e8fccf2de3e539cdea962528.jpg,256,256,Mountain,0,0,256,256
mountain_171_jpg.rf.5da8e4d6818b93d1029596282e6d8c71.jpg,256,256,Mountain,0,0,256,256
mountain_046_jpg.rf.f1f28d33dbceb2830b3f88c5ec2c0c6d.jpg,256,256,Mountain,0,0,256,256
mountain_128_jpg.rf.1083448aad5ca4016e978cf91083b7e2.jpg,256,256,Mountain,0,0,256,256
mountain_001_jpg.rf.49ae5e01d3642ee8bf729313346ce348.jpg,256,256,Mountain,0,0,256,256
mountain_057_jpg.rf.120fb087571cfd050488baa65c17707c.jpg,256,256,Mountain,0,0,256,256
mountain_178_jpg.rf.f38eb3c3951bf1112b2d5ae83f637f0e.jpg,256,256,Mountain,0,0,256,256
mountain_112_jpg.rf.4572afac69b3b66ed0efa04ec32cee1d.jpg,256,256,Mountain,0,0,256,256
mountain_107_jpg.rf.2d2ec5ed1255dabc938e5b1d0337d620.jpg,256,256,Mountain,0,0,256,256
mountain_030_jpg.rf.dd506b37a1c408b1b5174cafe040d9da.jpg,256,256,Mountain,0,0,256,256
mountain_130_jpg.rf.578084176c27239452d05dc692141325.jpg,256,256,Mountain,0,0,256,256
mountain_179_jpg.rf.5c8e93bafd381215e469eda991139dce.jpg,256,256,Mountain,0,0,256,256
mountain_191_jpg.rf.811e4ff0c7689a4ecf1599c677f55559.jpg,256,256,Mountain,0,0,256,256
mountain_101_jpg.rf.248a0d4d6cd683e77935461b2448dafd.jpg,256,256,Mountain,3,0,256,256
mountain_193_jpg.rf.aec3ca227555ee7ddd5d4d96257fa41a.jpg,256,256,Mountain,0,0,256,256
mountain_042_jpg.rf.360dee9b6d818b4298134bc4c7e50f7e.jpg,256,256,Mountain,1,0,256,256
mountain_010_jpg.rf.91ff485f1bf30200553d8dcd9fa9663c.jpg,256,256,Mountain,0,0,256,256
mountain_187_jpg.rf.595f85671e6876669e6f9ef0b98eb390.jpg,256,256,Mountain,0,0,256,256
mountain_089_jpg.rf.e8381a330e1cc9c763f1ff87a9ae1d61.jpg,256,256,Mountain,0,0,256,256
mountain_034_jpg.rf.d358d35811868fcc8c2cd4ef8ffb648f.jpg,256,256,Mountain,0,0,256,256
mountain_122_jpg.rf.ba2edc36513870bd49c854b6b15f3439.jpg,256,256,Mountain,0,0,256,256
mountain_188_jpg.rf.db2f67df644ec8aaf4145ff6a28f280f.jpg,256,256,Mountain,0,0,251,256
mountain_040_jpg.rf.cfe840f505d724b81140868de0ba4a61.jpg,256,256,Mountain,0,0,256,256
mountain_094_jpg.rf.1d878a7fb0eb8eeefbf4573da92b7bd8.jpg,256,256,Mountain,0,0,256,256
mountain_061_jpg.rf.b97b4cfdaf5ac336626abb3faf90d60d.jpg,256,256,Mountain,0,0,256,256
mountain_153_jpg.rf.5ebf81e3104887e135475e3552f800df.jpg,256,256,Mountain,0,0,256,256
mountain_099_jpg.rf.e3330aaae23f7632c3a585638d7c398e.jpg,256,256,Mountain,0,0,256,256
mountain_140_jpg.rf.397908d5daf1114b717d112de2e905b9.jpg,256,256,Mountain,0,0,256,256
mountain_148_jpg.rf.e6e30d7d5863261e12d39b04f61012e5.jpg,256,256,Mountain,0,0,256,256
mountain_070_jpg.rf.2123fa2ae03ddc85f1a3912b655f72df.jpg,256,256,Mountain,0,0,256,256
mountain_078_jpg.rf.43ff924f31592d849c6dc3da7eb6f259.jpg,256,256,Mountain,0,0,256,256
mountain_049_jpg.rf.759922fdf6921885b5944b7a9e6aa5af.jpg,256,256,Mountain,0,0,256,256
mountain_105_jpg.rf.7f93c41025f0bc7f2a823393c10c64dc.jpg,256,256,Mountain,0,0,256,256
mountain_110_jpg.rf.77d6b8324cb3d0bc5b992f278e5dac82.jpg,256,256,Mountain,0,0,256,256
mountain_124_jpg.rf.ced12ecfd55a2c26ac2844a3be9bd128.jpg,256,256,Mountain,0,0,256,256
mountain_151_jpg.rf.5696da7ffcf1950c03b2580373baee16.jpg,256,256,Mountain,0,0,252,256
mountain_144_jpg.rf.0a833d52b37ba009acd5ee48c3aef148.jpg,256,256,Mountain,0,0,256,256
mountain_052_jpg.rf.51950cd1546a1c10f4c7a467a75db80c.jpg,256,256,Mountain,0,0,256,256
mountain_056_jpg.rf.8ed0fb41369f2d80595aa53ca9e24726.jpg,256,256,Mountain,0,0,256,256
mountain_064_jpg.rf.7b665feb1f7e92a6686471a07418cda0.jpg,256,256,Mountain,0,0,256,256
mountain_186_jpg.rf.64d220b3b98996701fdc2a1bc939ae69.jpg,256,256,Mountain,0,0,256,256
mountain_114_jpg.rf.01556cf18782d3f13256b65aa2f25232.jpg,256,256,Mountain,0,0,256,256
mountain_075_jpg.rf.5e364587f3183483059428537f49f520.jpg,256,256,Mountain,0,0,256,256
mountain_161_jpg.rf.798c507937d23413aa93c21a6206417f.jpg,256,256,Mountain,0,0,256,256
mountain_121_jpg.rf.9362e39da978f09f82aebd4b28854b65.jpg,256,256,Mountain,0,0,256,256
mountain_091_jpg.rf.cce5d64dbcf76bd9f89f4fcea07f7f84.jpg,256,256,Mountain,0,0,256,256
mountain_159_jpg.rf.10c5fe27c8115790d75dac277e5b7936.jpg,256,256,Mountain,0,0,256,256
mountain_167_jpg.rf.ee53892e3de248780882ce706f1db87a.jpg,256,256,Mountain,0,0,256,256
mountain_096_jpg.rf.9909da7f3613cb4eb4de6a5e1e46014a.jpg,256,256,Mountain,0,0,256,256
mountain_135_jpg.rf.da9e0d14767665c3c58bb87804b5488b.jpg,256,256,Mountain,0,0,256,256
mountain_103_jpg.rf.8cd29cee23f47a017440f19eec333609.jpg,256,256,Mountain,0,0,256,247
mountain_134_jpg.rf.fc121208e43e8eba23af2c02f8ed26ea.jpg,256,256,Mountain,0,0,256,256
mountain_170_jpg.rf.5e53b58faf5701295e7bf3bdb0abd364.jpg,256,256,Mountain,0,0,256,256
mountain_098_jpg.rf.0a3212fa6b5880095c23defdb7c35eda.jpg,256,256,Mountain,0,0,256,256
mountain_079_jpg.rf.69908df0b10a21e147f7da27bdb287e8.jpg,256,256,Mountain,0,0,256,256
mountain_199_jpg.rf.e8806d5d0fd5588786899250ded3c09e.jpg,256,256,Mountain,0,1,256,256
mountain_117_jpg.rf.61e8d0bb09ac076fb4152be80755bd2e.jpg,256,256,Mountain,0,0,256,256
mountain_095_jpg.rf.1b0f8b276af3dae0740fd3f9c453f136.jpg,256,256,Mountain,0,0,256,256
mountain_071_jpg.rf.081e52d5697780b82fdfd91db55445a7.jpg,256,256,Mountain,0,0,256,256
mountain_047_jpg.rf.cb12612cdc57e3232bc92fd245874e26.jpg,256,256,Mountain,0,0,256,256
mountain_142_jpg.rf.be76cce69df728ade3597988d5397cda.jpg,256,256,Mountain,0,0,256,256
mountain_086_jpg.rf.48d7245d7717d184cc28ceaf094a56dc.jpg,256,256,Mountain,0,0,256,256
mountain_182_jpg.rf.2a7beeab912517d284a7d610df6c0d44.jpg,256,256,Mountain,0,0,256,256
mountain_077_jpg.rf.b6af3468a829c148de8a3c72e1482cd2.jpg,256,256,Mountain,0,0,256,256
mountain_154_jpg.rf.a72e3e4a93b2b00950ad0616ee6260b4.jpg,256,256,Mountain,0,0,256,256
mountain_013_jpg.rf.0cf144b6cdc4505464c43753ce019ea1.jpg,256,256,Mountain,0,0,256,256
mountain_120_jpg.rf.222a131c5c3bae15a28bc3d8c9e31901.jpg,256,256,Mountain,0,0,256,256
mountain_067_jpg.rf.83f2967e7833dbc465a635288a8bcfb1.jpg,256,256,Mountain,0,0,256,256
mountain_083_jpg.rf.8f1ad9bfc215d32538454d4b15079161.jpg,256,256,Mountain,0,0,256,254
mountain_152_jpg.rf.928a157b9062b17da64ce9c43dff4f9b.jpg,256,256,Mountain,0,0,256,256
mountain_050_jpg.rf.5fd72fae60bebec9d053769bc287b18e.jpg,256,256,Mountain,0,0,256,256
mountain_093_jpg.rf.13361ecb883b06d3a0624b78832e7d7a.jpg,256,256,Mountain,2,0,256,256
mountain_116_jpg.rf.a9bc42d7dac0e6f789cfaef48bb4cc42.jpg,256,256,Mountain,0,0,256,256
mountain_145_jpg.rf.9a301ba673d9df570b4bade4a99e38a1.jpg,256,256,Mountain,0,0,256,256
mountain_174_jpg.rf.64cddfdc9eb63ce8e86eaf9de533e267.jpg,256,256,Mountain,0,0,256,256
mountain_150_jpg.rf.7a30d92d04604dd6a524201038f3f0dc.jpg,256,256,Mountain,0,0,256,256
mountain_058_jpg.rf.f18ce5defaa13de6c9497f1e17e65c68.jpg,256,256,Mountain,0,0,256,256
mountain_115_jpg.rf.71437b599a88322be892488845faa79b.jpg,256,256,Mountain,0,0,256,256
mountain_028_jpg.rf.5c357895bcd9ea87e67b29ba8c629693.jpg,256,256,Mountain,0,0,256,256
mountain_192_jpg.rf.f89bea1cefa4114f68c2d7e7fab40911.jpg,256,256,Mountain,0,0,256,256
mountain_131_jpg.rf.f71d53fa2e71d037fba42fcef7068a01.jpg,256,256,Mountain,0,0,256,256
mountain_069_jpg.rf.b7f87f6db6dad804e361bf35249bfa9c.jpg,256,256,Mountain,0,0,256,256
mountain_118_jpg.rf.0df2882c104722013116b8def31a4e62.jpg,256,256,Mountain,0,0,256,256
mountain_036_jpg.rf.2ee20dcc83c376f9a8b02ced5cd061dd.jpg,256,256,Mountain,0,0,256,256
mountain_197_jpg.rf.237ad9a1099af2631b5e96b2d8c8f867.jpg,256,256,Mountain,0,0,254,256
mountain_136_jpg.rf.e0f4333f9989403e954bd697ae3bdbb7.jpg,256,256,Mountain,0,0,256,256
mountain_183_jpg.rf.e6b33c37bc9e4fd995fe475d5b71adec.jpg,256,256,Mountain,0,0,256,256
mountain_126_jpg.rf.f851f6cafcbc9080542dc125fdb3d5c1.jpg,256,256,Mountain,0,0,256,256
mountain_015_jpg.rf.833e79bea2de89793e871cce28f74c74.jpg,256,256,Mountain,0,0,256,256
mountain_102_jpg.rf.58bdf68e030340c4129383f4fd6f7001.jpg,256,256,Mountain,0,0,256,256
mountain_160_jpg.rf.176200ab4c75a1722b07a3d29bde6049.jpg,256,256,Mountain,0,0,256,256
mountain_176_jpg.rf.6a2c9875a303877c193fac38f747aaa9.jpg,256,256,Mountain,0,0,256,256
mountain_189_jpg.rf.16a24a01f81b182c2cee42467123659b.jpg,256,256,Mountain,0,0,256,256
mountain_035_jpg.rf.4fd9f3e2f2a15b3ae0f60c359e7794c1.jpg,256,256,Mountain,0,0,256,256
mountain_168_jpg.rf.8c6fa015cea979b687835461d0c9e3fa.jpg,256,256,Mountain,0,0,255,256
mountain_021_jpg.rf.bc6ed469ccbe476778a7432f59fd2e8d.jpg,256,256,Mountain,0,0,256,256
mountain_180_jpg.rf.f7a20bf59cbc28dd730715a453677a3d.jpg,256,256,Mountain,0,0,256,256
mountain_173_jpg.rf.604dc5b407aed29d9f1518c38d4d6909.jpg,256,256,Mountain,0,0,256,256
mountain_011_jpg.rf.b258ffe80bc816aeff170b17ab489011.jpg,256,256,Mountain,0,0,256,256
mountain_185_jpg.rf.e456b58ff4dbe27ddec9bbea5cfae4c3.jpg,256,256,Mountain,0,0,256,256
mountain_132_jpg.rf.23cf8b3db208231f56c573e37180d429.jpg,256,256,Mountain,0,0,256,256
mountain_147_jpg.rf.258984d1c9107b13830e41e127a5249c.jpg,256,256,Mountain,0,0,256,256
mountain_149_jpg.rf.91af30cac8a75a61837171f16e590d0e.jpg,256,256,Mountain,0,0,256,256
mountain_164_jpg.rf.56887c4747a0b545b2a3b5d391f07ed8.jpg,256,256,Mountain,0,0,256,256
mountain_155_jpg.rf.502c196ebc5afeec1d7a434bc39eed11.jpg,256,256,Mountain,0,0,256,256
mountain_133_jpg.rf.9d95865b2fbfd772db10509efa88c392.jpg,256,256,Mountain,0,0,256,256
mountain_175_jpg.rf.e514e3f95a4f048e5b055c993f257cd6.jpg,256,256,Mountain,0,0,256,256
mountain_109_jpg.rf.d5be5dfe1274e2de2bedff92e29bd522.jpg,256,256,Mountain,0,0,256,256
mountain_066_jpg.rf.d3c448d601e0f92b90d4184ab610e657.jpg,256,256,Mountain,0,0,256,256
mountain_111_jpg.rf.55fd608c766e46a475ff04597cb688a4.jpg,256,256,Mountain,0,0,256,256
mountain_019_jpg.rf.68def0239c400f66356aaecb0aeae7a6.jpg,256,256,Mountain,0,0,256,256
mountain_054_jpg.rf.f780ac6c6bbf4c794462da86b0ed468c.jpg,256,256,Mountain,0,0,256,256
mountain_198_jpg.rf.cbee0da850e5f70a80ba1947a90d6634.jpg,256,256,Mountain,0,0,256,256
mountain_184_jpg.rf.1f29018119361c9d17b91c0b59ec96eb.jpg,256,256,Mountain,0,0,256,256
mountain_002_jpg.rf.ba603d8741ba056361008442797cfd5a.jpg,256,256,Mountain,0,0,252,256
mountain_146_jpg.rf.b61ace04aa033c6097a55c7f4e274b69.jpg,256,256,Mountain,0,0,256,256
mountain_059_jpg.rf.015498cfbd3e9e5fc58e7d4c05ef9420.jpg,256,256,Mountain,0,0,256,256
mountain_097_jpg.rf.331e2037b50ac0e6bd5033682660203f.jpg,256,256,Mountain,0,0,256,256
mountain_038_jpg.rf.e0d6a113e0d08e9db55f267f819046e7.jpg,256,256,Mountain,0,0,256,256
mountain_006_jpg.rf.0589cf067332e074fafe421b63b02036.jpg,256,256,Mountain,0,2,256,256
mountain_100_jpg.rf.3dcb90fad7c53c1c05595580fa38fbd9.jpg,256,256,Mountain,0,0,256,256
mountain_031_jpg.rf.74d0a6c3660bac2049aa0d4a94c1e4ee.jpg,256,256,Mountain,0,0,256,256
mountain_141_jpg.rf.a3535d3c50c81287b20709d372439e3f.jpg,256,256,Mountain,0,0,256,256
mountain_060_jpg.rf.ff99ffd7b0c220d3b0b51b45802dbb66.jpg,256,256,Mountain,6,0,256,256
mountain_024_jpg.rf.e78495f87cccf6e8578dde88bccd2fcb.jpg,256,256,Mountain,0,0,256,256
mountain_092_jpg.rf.05c204541f0a5466e10b1a9dcfab38da.jpg,256,256,Mountain,0,0,256,256
mountain_123_jpg.rf.d9cb3e4ad36bbd4979ce4ccb884df696.jpg,256,256,Mountain,0,0,256,256
mountain_194_jpg.rf.453f44b12694d9dcd1f8aff85c99c6de.jpg,256,256,Mountain,0,0,256,256
mountain_074_jpg.rf.e15f9f7eea3e8dbfebc3e4082223c772.jpg,256,256,Mountain,0,0,256,256
mountain_200_jpg.rf.1517b5a0f1ef994d350cc0b6fddc49e6.jpg,256,256,Mountain,0,0,256,256
mountain_053_jpg.rf.1e6c8a8e2622304a125f4c59d403e09b.jpg,256,256,Mountain,0,0,256,256
mountain_104_jpg.rf.43d91d5065e14b84011020c4c9ba6f4d.jpg,256,256,Mountain,0,0,256,256
mountain_055_jpg.rf.28978b8125451abc973de6bce50faf09.jpg,256,256,Mountain,0,0,256,256
mountain_137_jpg.rf.7b51b5ebd278c0c2a771cb34e254f94f.jpg,256,256,Mountain,0,0,256,256
mountain_009_jpg.rf.f8a4271e96edc8b3a976398594623e85.jpg,256,256,Mountain,0,0,256,256
mountain_162_jpg.rf.b407edb0a27ecc97e1822e6c5bfd8199.jpg,256,256,Mountain,0,0,256,256
mountain_181_jpg.rf.1e86c58a3d50f20e3a72c8bf3f1391a9.jpg,256,256,Mountain,0,0,256,256
mountain_127_jpg.rf.67292c6078f400e39b9185b351d966c7.jpg,256,256,Mountain,0,0,256,256
mountain_088_jpg.rf.e3abdf0e0ef5d7fc93bd99a886d648a6.jpg,256,256,Mountain,0,0,256,256
mountain_063_jpg.rf.3f0b6d1482fa6d3b1578cad5cf057708.jpg,256,256,Mountain,0,0,256,256
mountain_169_jpg.rf.35ec194048d65c750b5d787f1be5840b.jpg,256,256,Mountain,0,0,256,256
mountain_022_jpg.rf.6fb670590c1a23117e0fbdbce6f5ff9d.jpg,256,256,Mountain,0,0,256,256
mountain_085_jpg.rf.7393cdec9cd9f18dea600057a8a3b88c.jpg,256,256,Mountain,0,0,256,256
mountain_045_jpg.rf.15c9f9bb4793cdfd9035d50492dfa3a4.jpg,256,256,Mountain,0,0,256,256
mountain_005_jpg.rf.35863c4587d30a8a8caf054cf2d7d575.jpg,256,256,Mountain,0,0,256,256
mountain_014_jpg.rf.04ee844be90b197da66a8ca4a2e4a68d.jpg,256,256,Mountain,0,0,256,256
mountain_165_jpg.rf.20bee71e902b1c8f811870614f07345f.jpg,256,256,Mountain,0,0,256,256
mountain_051_jpg.rf.d3f352d0659939847dd60e59a3c53c81.jpg,256,256,Mountain,0,0,256,256
mountain_020_jpg.rf.0657b76a62f166fe4e2e6df61932c889.jpg,256,256,Mountain,0,0,256,256
mountain_157_jpg.rf.d33bfb016ba0b49087c018ce71d3b1a2.jpg,256,256,Mountain,0,0,256,256
mountain_068_jpg.rf.179617c8662c1964a61e238f393a03fc.jpg,256,256,Mountain,0,0,256,256
mountain_084_jpg.rf.0e8c817cf1e8b4cd4631d2d23a61b6e4.jpg,256,256,Mountain,0,0,256,256
mountain_041_jpg.rf.eeed8a198ad958e71d160687afb20256.jpg,256,256,Mountain,0,0,256,256
mountain_090_jpg.rf.352a86e149222abfd3fb35a967505786.jpg,256,256,Mountain,0,0,256,256
mountain_037_jpg.rf.fa8728abd75b81dd63c5a7dca2de6526.jpg,256,256,Mountain,0,0,256,256
mountain_143_jpg.rf.8de7a68fd76b3262115039f11c8b3f41.jpg,256,256,Mountain,0,0,256,256
mountain_017_jpg.rf.1ad2c078750ab2c2adb715050da230f1.jpg,256,256,Mountain,0,0,256,256
mountain_138_jpg.rf.483086d49e539077d6d234549d095941.jpg,256,256,Mountain,0,0,256,256
mountain_156_jpg.rf.3998b323b54619294d4785877a18a98e.jpg,256,256,Mountain,0,0,256,256
mountain_039_jpg.rf.8a67c3a9e063f8b153a499091c057305.jpg,256,256,Mountain,0,0,256,256
mountain_065_jpg.rf.5a89400204ccc0a32060f3299f359952.jpg,256,256,Mountain,0,0,256,256